Sample ID,Ice Age (year AD),CO2 Age (year AD),CO2 (ppm),Uncert (ppm)
DSSW20K 15.8,firn,1996.28,359.8666666666666,0.015275252316505575
DSSW20K 29,firn,1994.41,357.24,0.0374165738677307
DE08-2 0,firn,1993.08,354.565,0.021213203435577133
DSSW20K 37.8,firn,1992.31,353.885,0.03872983346206585
DE08-2 10,firn,1991.13,352.61,0.18384776310849593
DE08-2 15,firn,1990.54,352.02,0.25
DE08-2 20,firn,1989.97,351.34999999999997,0.0700000000000013
DSSW20K 41.7,firn,1989.41,349.92,0.08366600265340166
DE08-2 30,firn,1988.97,349.76,0.014142135623718088
DE08-2 40,firn,1988.07,347.83,0.4
DE08-2 50,firn,1987.21,346.45,0.03
DE08-2 55,firn,1986.62,345.3425,0.1340087061848209
DE08-2 60,firn,1986.14,344.6,0.0989949493661472
DE08-2 65,firn,1985.76,343.8666666666666,0.04932882862315026
DE08-2 70,firn,1984.92,342.66999999999996,0.15556349186101956
DSSW20K 44.5,firn,1983.08,341.445,0.14011899704654754
DE08-2 75,firn,1983.03,339.575,0.2757716446627439
DE08-2 80,firn,1979.14,335.47,0.0
DE08-2 008,1948.07,1979.07,335.534,0.628
DE08-2 012,1947.94,1978.94,332.358,0.942
DE08-2 003,1945.18,1976.18,331.531,0.628
DE08-2 85,firn,1975.57,332.61,0.04
DE08-2 002,1943,1974.0,328.39,0.942
DE08 331,1941.92,1972.92,330.416,2.121
DE08-2 033,1941.45,1972.45,326.393,1.331
DE08-2 052,1941.18,1972.18,326.53,1.151
DE08-2 005,1940.71,1971.71,324.54,0.628
DE08-2 015,1939.92,1970.92,325.501,0.628
DSSW20K 47,firn,1970.64,325.0025,0.16152915113584476
DE08-2 016,1939.46,1970.46,325.039,0.628
DE08 205,1938.69,1969.69,323.787,0.628
DE08 235,1938.13,1969.13,324.065,0.628
DE08 439,1937.85,1968.85,320.257,1.151
DE08-2 032,1936.93,1967.93,322.26,1.331
DE08-2 051,1936.33,1967.33,320.86,1.151
DE08 440,1936.07,1967.07,320.368,1.727
DE08 226,1934.67,1965.67,319.177,0.942
DE08 225,1934.6,1965.6,319.875,0.628
DE08 339,1932.86,1963.86,319.264,0.928
DE08 203,1932.5,1963.5,318.947,0.628
DE08 214,1931.93,1962.93,319.757,0.628
DE08 432,1931.93,1962.93,317.322,1.727
DE08 215,1931.86,1962.86,317.42,0.942
DE08 212,1931.71,1962.71,319.119,0.628
DE08 213,1931.64,1962.64,317.503,0.628
DE08-2 040,1931.43,1962.43,317.231,6.422
DSS 004,1901.72,1961.72,316.499,0.629
DE08-2 043,1929.92,1960.92,311.871,2.359
DE08 391,1929.71,1960.71,312.981,1.572
DE08 340,1927.9,1958.9,316.473,0.928
DE08 355,1927,1958.0,314.716,0.425
DSS0506 15,1897.8,1957.8,314.206,0.514
DE08 416,1926.2,1957.2,315.144,1.151
DSSW20K 49.5,firn,1957.2,316.4525,0.03774917217637337
DE08 354,1926,1957.0,314.38,0.425
DE08 415,1926,1957.0,314.511,1.151
DSS 001,1896.16,1956.16,314.352,0.629
DSS 002,1896.16,1956.16,315.435,0.629
DSS 003,1896.16,1956.16,315.935,0.629
DE08 464,1924.33,1955.33,314.604,0.513
DE08 465,1924.33,1955.33,313.748,1.024
DE08 297,1924,1955.0,314.884,2.121
DE08 298,1924,1955.0,314.661,2.121
DE08 236,1923.13,1954.13,313.126,0.628
DE08 201,1923.07,1954.07,312.673,0.628
DE08 208,1922.93,1953.93,311.591,0.628
DE08 324,1922.93,1953.93,312.816,2.121
DE08 350,1921.9,1952.9,312.328,0.425
DSS 029,1890.25,1950.25,311.992,0.629
DE08 314,1919,1950.0,313.718,2.121
DE08 351,1917.93,1948.93,309.837,0.425
DE08-2 009,1917.64,1948.64,310.355,0.628
DE08 317,1917.07,1948.07,311.628,2.121
DE08-2 034,1916.64,1947.64,310.965,4.816
DE08-2 035,1916.45,1947.45,310.809,3.211
DE08 304,1916,1947.0,313.27,2.121
DE08 305,1916,1947.0,312.579,2.121
DE08-2 023,1916,1947.0,310.34,2.538
DE08 307,1915.08,1946.08,312.618,2.121
DE08 352,1914.18,1945.18,311.421,0.425
DE08 227,1913.91,1944.91,310.222,0.628
DE08-2 025,1913,1944.0,311.804,2.538
DE08-2 026,1913,1944.0,313.7,2.538
DE08 327,1912.92,1943.92,312.425,2.121
DE08 308,1911.55,1942.55,311.675,2.121
DE08 309,1911.55,1942.55,312.196,3.182
DE08 310,1911.09,1942.09,312.795,2.121
DE08 311,1911.09,1942.09,312.108,2.121
DE08-2 007,1910.33,1941.33,310.943,0.628
DE08 303,1910,1941.0,311.86,2.121
DE08 423,1909.92,1940.92,307.61,1.151
DSS 037,1879.97,1939.97,309.738,0.629
DE08-2 030,1908.64,1939.64,312.023,1.331
DE08 240,1908.36,1939.36,311.021,0.628
DE08 243,1908.36,1939.36,311.375,0.628
DSS0506 08,1879.1,1939.1,306.727,0.77
DE08 302,1908.09,1939.09,312.26,3.219
DE08 422,1908.09,1939.09,308.422,1.151
DE08 473,1907.92,1938.92,307.814,0.698
DSS 027,1878.16,1938.16,308.47,0.629
DE08 300,1907,1938.0,310.716,2.121
DE08 301,1907,1938.0,312.445,2.121
DSSW20K 52,firn,1937.7700000000002,312.40000000000003,0.10000000000000114
DE08 418,1906.08,1937.08,306.927,1.151
DE08 419,1906.08,1937.08,307.631,1.151
DE08 278,1905.15,1936.15,309.491,3.219
DE08 282,1905.15,1936.15,309.129,2.538
DE08 420,1905,1936.0,307.13,1.151
DE08-2 011,1904.36,1935.36,309.623,0.628
DE08 444,1904.2,1935.2,306.193,1.151
DE08 284,1903,1934.0,306.723,2.538
DE08 285,1903,1934.0,306.595,2.538
DE08 287,1903,1934.0,307.801,2.538
DE08 443,1902.23,1933.23,305.817,1.151
DE08 325,1902,1933.0,308.341,2.121
DE08 238,1901.7,1932.7,308.241,0.628
DE08 437,1900.15,1931.15,305.59,1.727
DE08 438,1900.15,1931.15,305.636,1.151
DE08 341,1898.06,1929.06,305.843,0.928
DSS 041,1868.74,1928.74,305.713,0.629
DE08 274,1897.33,1928.33,307.591,3.219
DE08 275,1897.33,1928.33,308.391,3.219
DSS 008,1868.16,1928.16,305.654,0.629
DE08 474,1895.11,1926.11,305.506,0.582
DE08 475,1895.11,1926.11,306.673,0.873
DE08-2 044,1895,1926.0,303.736,4.816
DE08 476,1894.9,1925.9,303.55,1.164
DE08 482,1894.7,1925.7,302.234,0.582
DE08 231,1894.2,1925.2,305.307,0.628
DE08 237,1894.2,1925.2,304.604,0.628
DE08 269,1892.13,1923.13,307.673,3.219
DE08 270,1892.13,1923.13,306.106,3.219
DE08 271,1892.13,1923.13,303.05,2.538
DE08 272,1892.13,1923.13,307.798,6.437
DE08 342,1891.87,1922.87,303.318,0.928
DE08 430,1889.09,1920.09,301.746,1.151
DE08 321,1888.08,1919.08,304.675,2.121
DE08 256,1887.33,1918.33,303.285,0.662
DE08 257,1887.33,1918.33,303.521,0.992
DE08 258,1887.33,1918.33,303.909,0.662
DE08 259,1887.33,1918.33,304.088,0.662
DE08 233,1885.1,1916.1,301.902,0.628
DE08 333,1883.67,1914.67,301.133,2.121
DE08 358,1883.67,1914.67,300.41,2.661
DE08 239,1881.6,1912.6,301.285,0.628
DE08 394,1880.42,1911.42,298.275,4.816
DE08 392,1880.25,1911.25,296.745,3.211
DE08 267,1879.92,1910.92,297.985,2.538
DE08 429,1879.15,1910.15,297.738,1.151
DE08 320,1878,1909.0,301.565,2.121
DSS0506 07,1847.2,1907.2,295.442,0.77
DE08 253,1874.8,1905.8,297.245,0.628
DSS 033,1845.77,1905.77,299.548,0.629
DE08 254,1874.6,1905.6,298.942,0.628
DE08 336,1873.1,1904.1,296.127,0.928
DE08 363,1870.89,1901.89,295.333,1.996
DE08 364,1870.89,1901.89,294.512,1.996
DSS 007,1841.7,1901.7,297.127,0.629
DE08 435,1869.27,1900.27,294.089,1.151
DE08 318,1868.23,1899.23,297.107,2.121
DE08 230,1868,1899.0,295.27,0.628
DE08 478,1866.25,1897.25,293.328,0.582
DE08 479,1866.25,1897.25,291.979,1.164
DE08 480,1866.08,1897.08,291.752,0.873
DE08 483,1865.9,1896.9,294.491,0.582
DE08 484,1865.9,1896.9,294.68,0.873
DSS0506 33,1836.9,1896.9,297.326,1.165
DE08 485,1865.7,1896.7,291.885,0.582
DSS0506 14,1834.1,1894.1,291.898,0.514
DE08 343,1863,1894.0,293.944,0.928
DE08 384,1862.92,1893.92,292.181,3.211
DE08 382a,1862.25,1893.25,293.875,3.211
DSS 030,1833.06,1893.06,295.31,0.629
DE08 241,1861.75,1892.75,295.177,0.628
DE08 427,1859,1890.0,290.784,1.151
DE08 334,1858,1889.0,292.519,0.928
DE08 335,1858,1889.0,292.437,0.425
DE08 252,1856.54,1887.54,294.254,0.628
DE08 470,1855.92,1886.92,289.886,0.513
DE08 469,1855.75,1886.75,290.372,0.513
DE08 471,1855.58,1886.58,291.079,0.465
DE08 370,1855,1886.0,288.189,1.996
DSS 172,1824.18,1884.18,289.363,0.638
DE08 344,1853.1,1884.1,289.897,0.928
DE08 229,1852.47,1883.47,292.453,0.942
DE08 425,1849.18,1880.18,287.637,1.151
DE08 255,1846.2,1877.2,289.232,0.628
DE08 330,1843.1,1874.1,291.617,2.121
DE08 362,1842,1873.0,286.728,1.331
DE08 436,1839.2,1870.2,286.192,1.151
DE08 228,1838.83,1869.83,287.995,0.628
DE08 379a,1837.63,1868.63,288.818,3.211
DE08 380a,1837.63,1868.63,288.225,3.211
DSS 171,1807.73,1867.73,288.132,0.427
DE08 367,1836,1867.0,284.781,1.331
DE08 368,1836,1867.0,285.468,2.661
DE08 447,1833.47,1864.47,286.521,1.151
DE08 346,1832.4,1863.4,285.487,0.928
DSS0506 32,1802.5,1862.5,282.972,0.699
DE08 232,1831.18,1862.18,287.164,0.628
DSS0506 19,1799.1,1859.1,284.868,0.467
DE08 347,1828.09,1859.09,286.772,0.425
DE08 421,1826.15,1857.15,283.027,1.151
DSS0506 17,1795.2,1855.2,283.332,0.514
DE08 234,1824,1855.0,285.556,0.628
DE08 328,1823,1854.0,288.113,2.121
DSS0506 18,1792.2,1852.2,283.976,0.467
DE08 200,1820.3,1851.3,285.469,0.942
DSS 170,1790.83,1850.83,288.927,0.427
DE08 446,1819.5,1850.5,283.867,1.151
DSS0506 31,1787.7,1847.7,283.634,0.467
DSS 009,1787.32,1847.32,286.83,0.629
DE08 365,1815,1846.0,282.862,1.996
DE08 366,1815,1846.0,284.522,1.996
DE08 433,1814.13,1845.13,283.048,1.151
DE08 414,1814,1845.0,283.395,1.151
DE08 441,1812.9,1843.9,282.049,1.151
DE08 442,1812.9,1843.9,280.843,1.151
DE08 466,1812,1843.0,282.71,0.512
DE08 467,1811.17,1842.17,282.825,0.512
DE08 222,1810,1841.0,283.644,0.628
DSS0506 16,1777.6,1837.6,282.613,0.514
DSS 151,1776.7,1836.7,284.285,0.929
DSS 140,1773.18,1833.18,283.953,0.929
DE08-2 006,1801,1833.0,285.082,0.942
DSS 010,1766.92,1826.92,285.9,0.629
DSS0506 23,1765.5,1825.5,281.777,0.467
DSS 139,1764.75,1824.75,281.493,0.929
DSS0506 09,1757.1,1817.1,280.885,0.514
DSS 152,1753.66,1813.66,284.564,0.929
DSS0506 20,1750.2,1810.2,281.099,0.467
DSS 015,1739.34,1799.34,284.361,0.629
DSS 142,1739.34,1799.34,281.362,0.929
DSS 189,1736.47,1796.47,279.416,3.213
DSS0506 21,1736,1796.0,279.337,0.467
DSS 016,1735.94,1795.94,282.298,0.629
DSS 153,1734.1,1794.1,281.75,0.929
DSS 182,1720.3,1780.3,273.212,0.426
DSS 017,1719.49,1779.49,280.229,0.629
DSS0506 24,1715,1775.0,277.727,0.467
DSS 154,1713.46,1773.46,277.988,0.929
DSS 155,1703.7,1763.7,276.528,0.929
DSS 031,1702.88,1762.88,277.156,0.943
DSS0506 25,1700,1760.0,276.626,0.467
DSS 014,1692.13,1752.13,277.994,0.629
DSS 156,1692.13,1752.13,276.589,0.929
DSS 025,1689.12,1749.12,277.59,0.629
DSS0506 22,1686,1746.0,275.368,0.467
DSS 138,1681.26,1741.26,276.941,0.929
DSS 157,1673.99,1733.99,278.443,0.929
DSS 144,1663.01,1723.01,277.145,0.929
DSS 019,1662.86,1722.86,278.264,0.943
DSS0506 27,1659,1719.0,276.398,0.467
DSS0506 34,1650,1710.0,276.294,0.583
DSS0506 28,1643,1703.0,275.044,0.467
DSS 011,1633.91,1693.91,277.35,0.629
DSS 159,1629.74,1689.74,276.456,0.929
DSS 020,1621.89,1681.89,276.654,0.629
DSS 013,1589.1,1649.1,278.008,0.629
DSS 160,1579.81,1639.81,276.819,0.929
DSS 183,1568.6,1628.6,273.92,0.426
DSS 184,1549.46,1609.46,271.247,0.426
DSS 012,1543.42,1603.42,275.059,0.629
DSS 021,1530.99,1590.99,279.351,0.629
DSS 146,1528.18,1588.18,281.241,0.929
DSS 032,1513.01,1573.01,282.467,0.629
DSS 162,1499.86,1559.86,281.962,0.929
DSS 018,1489.65,1549.65,283.523,1.256
DSS 035,1469.68,1529.68,283.846,0.629
DSS 023,1441.53,1501.53,283.119,0.629
DSS 044,1409.4,1469.4,280.205,1.256
DSS 022,1389.16,1449.16,282.371,0.943
DSS 174,1368.8,1428.8,279.861,0.427
DSS 165,1350.86,1410.86,279.829,0.929
DSS 024,1330.33,1390.33,280.686,0.629
DSS 026,1330.33,1390.33,281.127,0.629
DSS 185,1288.85,1348.85,278.501,0.427
DSS 034,1270.12,1330.12,283.966,0.943
DSS 148,1247.45,1307.45,281.711,0.929
DSS 186,1218.2,1278.2,278.571,0.427
DSS 167,1199.51,1259.51,282.332,0.929
DSS 039,1191.27,1251.27,282.309,0.629
DSS 168,1150.96,1210.96,283.821,0.929
DSS 036,1139.81,1199.81,284.439,0.943
DSS 137,1105.98,1165.98,284.099,1.393
DSS 043,1086.29,1146.29,284.409,1.256
DSS 169,1055.94,1115.94,282.974,0.929
DSS 042,1039.41,1099.41,282.992,0.629
DSS 149,1010.2,1070.2,282.977,0.929
DSS 040,989.18,1049.18,280.96,0.629
DSS 150,980.08,1040.08,281.049,0.929
DSS 038,959.27,1019.27,279.958,0.629
DSS 182a,957.58,1017.58,279.907,1.332
DSS 125,922.65,982.65,278.872,1.393
DSS 187,897.65,957.65,277.546,0.427
DSS 109,854.45,914.45,280.154,2.123
DSS 126,815.41,875.41,279.553,1.393
DSS 128,762.33,822.33,278.755,1.393
DSS 110,733.1,793.1,279.774,3.183
DSS 111,702.3,762.3,279.342,2.123
DSS 112,670.43,730.43,280.128,0.427
DSS 113,641.25,701.25,277.237,0.427
DSS 114,609.18,669.18,278.593,0.427
DSS 115,577,637.0,279.726,0.427
DSS 117,554.52,614.52,278.007,0.427
DSS 116,522.41,582.41,276.334,0.426
DSS 080,497.47,557.47,278.462,3.81
DSS 118,491.62,551.62,276.697,0.427
DSS 119,457.96,517.96,276.921,1.393
DSS 120,428.43,488.43,277.243,0.427
DSS 121,376.94,436.94,280.138,0.427
DSS 122,346.36,406.36,279.263,0.427
DSS 123,324.23,384.23,277.385,0.427
DSS 124,297.33,357.33,277.933,0.427
DSS 129,257.55,317.55,281.83,0.427
DSS 130,235.6,295.6,281.044,0.427
DSS 082,214.44,274.44,280.243,2.54
DSS 131,206.1,266.1,278.449,0.638
DSS 132,180.6,240.6,280.384,0.638
DSS 134,114.53,174.53,277.69,0.427
DSS 135,93.53,153.53,278.207,0.427
